series,title,artist,genre,bpm,availability,release_date,mode,difficulty,exists,level,notes,flags,duration_seconds
34,9-1,めめめ,HARD DANCE,160,listed,2026-09-16,SP,B,False,,,,124
34,9-1,めめめ,HARD DANCE,160,listed,2026-09-16,SP,N,True,7,755,CN,124
34,9-1,めめめ,HARD DANCE,160,listed,2026-09-16,SP,H,True,9,1013,CN,124
34,9-1,めめめ,HARD DANCE,160,listed,2026-09-16,SP,A,True,11,1679,CN|BSS,124
34,9-1,めめめ,HARD DANCE,160,listed,2026-09-16,SP,L,False,,,,124
34,9-1,めめめ,HARD DANCE,160,listed,2026-09-16,DP,N,True,7,700,CN,124
34,9-1,めめめ,HARD DANCE,160,listed,2026-09-16,DP,H,True,10,1046,CN,124
34,9-1,めめめ,HARD DANCE,160,listed,2026-09-16,DP,A,True,11,1612,CN|BSS,124
34,9-1,めめめ,HARD DANCE,160,listed,2026-09-16,DP,L,False,,,,124
34,BENiZAKURA,BlackY,ENERGETIC JAPANESQUE,172,listed,2026-09-16,SP,B,False,,,,126
34,BENiZAKURA,BlackY,ENERGETIC JAPANESQUE,172,listed,2026-09-16,SP,N,True,5,525,CN,126
34,BENiZAKURA,BlackY,ENERGETIC JAPANESQUE,172,listed,2026-09-16,SP,H,True,9,928,CN,126
34,BENiZAKURA,BlackY,ENERGETIC JAPANESQUE,172,listed,2026-09-16,SP,A,True,11,1405,CN,126
34,BENiZAKURA,BlackY,ENERGETIC JAPANESQUE,172,listed,2026-09-16,SP,L,False,,,,126
34,BENiZAKURA,BlackY,ENERGETIC JAPANESQUE,172,listed,2026-09-16,DP,N,True,5,527,CN,126
34,BENiZAKURA,BlackY,ENERGETIC JAPANESQUE,172,listed,2026-09-16,DP,H,True,9,926,CN?,126
34,BENiZAKURA,BlackY,ENERGETIC JAPANESQUE,172,listed,2026-09-16,DP,A,True,11,1384,CN,126
34,BENiZAKURA,BlackY,ENERGETIC JAPANESQUE,172,listed,2026-09-16,DP,L,False,,,,126
34,Citroforte,REMO-CON,HYPERTRANCE,175,listed,2026-09-16,SP,B,False,,,,121
34,Citroforte,REMO-CON,HYPERTRANCE,175,listed,2026-09-16,SP,N,True,6,538,CN|BSS,121
34,Citroforte,REMO-CON,HYPERTRANCE,175,listed,2026-09-16,SP,H,True,10,1022,CN|BSS,121
34,Citroforte,REMO-CON,HYPERTRANCE,175,listed,2026-09-16,SP,A,True,12,,CN?,121
34,Citroforte,REMO-CON,HYPERTRANCE,175,listed,2026-09-16,SP,L,False,,,,121
34,Citroforte,REMO-CON,HYPERTRANCE,175,listed,2026-09-16,DP,N,True,6,546,CN|BSS,121
34,Citroforte,REMO-CON,HYPERTRANCE,175,listed,2026-09-16,DP,H,True,10,1046,CN|BSS,121
34,Citroforte,REMO-CON,HYPERTRANCE,175,listed,2026-09-16,DP,A,True,12,,CN?,121
34,Citroforte,REMO-CON,HYPERTRANCE,175,listed,2026-09-16,DP,L,False,,,,121
34,DEADRABBIT!!,Hylen feat.DJ14 (SCRATCHING),DJENTLE ZAAGBREAKSTEP,132,listed,2026-09-16,SP,B,False,,,,117
34,DEADRABBIT!!,Hylen feat.DJ14 (SCRATCHING),DJENTLE ZAAGBREAKSTEP,132,listed,2026-09-16,SP,N,True,6,535,,117
34,DEADRABBIT!!,Hylen feat.DJ14 (SCRATCHING),DJENTLE ZAAGBREAKSTEP,132,listed,2026-09-16,SP,H,True,10,1042,,117
34,DEADRABBIT!!,Hylen feat.DJ14 (SCRATCHING),DJENTLE ZAAGBREAKSTEP,132,listed,2026-09-16,SP,A,True,12,1602,,117
34,DEADRABBIT!!,Hylen feat.DJ14 (SCRATCHING),DJENTLE ZAAGBREAKSTEP,132,listed,2026-09-16,SP,L,False,,,,117
34,DEADRABBIT!!,Hylen feat.DJ14 (SCRATCHING),DJENTLE ZAAGBREAKSTEP,132,listed,2026-09-16,DP,N,True,6,558,,117
34,DEADRABBIT!!,Hylen feat.DJ14 (SCRATCHING),DJENTLE ZAAGBREAKSTEP,132,listed,2026-09-16,DP,H,True,10,1096,,117
34,DEADRABBIT!!,Hylen feat.DJ14 (SCRATCHING),DJENTLE ZAAGBREAKSTEP,132,listed,2026-09-16,DP,A,True,12,1602,,117
34,DEADRABBIT!!,Hylen feat.DJ14 (SCRATCHING),DJENTLE ZAAGBREAKSTEP,132,listed,2026-09-16,DP,L,False,,,,117
34,Deathstalker,Zekk,BREAKCORE,220,listed,2026-09-16,SP,B,False,,,,117
34,Deathstalker,Zekk,BREAKCORE,220,listed,2026-09-16,SP,N,True,6,636,,117
34,Deathstalker,Zekk,BREAKCORE,220,listed,2026-09-16,SP,H,True,10,1033,,117
34,Deathstalker,Zekk,BREAKCORE,220,listed,2026-09-16,SP,A,True,12,,,117
34,Deathstalker,Zekk,BREAKCORE,220,listed,2026-09-16,SP,L,False,,,,117
34,Deathstalker,Zekk,BREAKCORE,220,listed,2026-09-16,DP,N,True,6,641,,117
34,Deathstalker,Zekk,BREAKCORE,220,listed,2026-09-16,DP,H,True,10,1041,,117
34,Deathstalker,Zekk,BREAKCORE,220,listed,2026-09-16,DP,A,True,12,,,117
34,Deathstalker,Zekk,BREAKCORE,220,listed,2026-09-16,DP,L,False,,,,117
34,Dying 4 U,EmoCosine,JERSEY FUTURE CORE,179,listed,2026-09-16,SP,B,False,,,,120
34,Dying 4 U,EmoCosine,JERSEY FUTURE CORE,179,listed,2026-09-16,SP,N,True,5,521,CN,120
34,Dying 4 U,EmoCosine,JERSEY FUTURE CORE,179,listed,2026-09-16,SP,H,True,9,904,CN,120
34,Dying 4 U,EmoCosine,JERSEY FUTURE CORE,179,listed,2026-09-16,SP,A,True,11,1351,CN,120
34,Dying 4 U,EmoCosine,JERSEY FUTURE CORE,179,listed,2026-09-16,SP,L,False,,,,120
34,Dying 4 U,EmoCosine,JERSEY FUTURE CORE,179,listed,2026-09-16,DP,N,True,5,521,CN,120
34,Dying 4 U,EmoCosine,JERSEY FUTURE CORE,179,listed,2026-09-16,DP,H,True,9,895,CN?,120
34,Dying 4 U,EmoCosine,JERSEY FUTURE CORE,179,listed,2026-09-16,DP,A,True,11,1320,CN,120
34,Dying 4 U,EmoCosine,JERSEY FUTURE CORE,179,listed,2026-09-16,DP,L,False,,,,120
34,Ex-Otogibanashi,ryo (supercell) / かぐや(cv.夏吉ゆうこ) & 月見ヤチヨ(cv.早見沙織) from 超かぐや姫！,アニメ,190,listed,2026-09-16,SP,B,True,1,87,,109
34,Ex-Otogibanashi,ryo (supercell) / かぐや(cv.夏吉ゆうこ) & 月見ヤチヨ(cv.早見沙織) from 超かぐや姫！,アニメ,190,listed,2026-09-16,SP,N,True,3,234,CN,109
34,Ex-Otogibanashi,ryo (supercell) / かぐや(cv.夏吉ゆうこ) & 月見ヤチヨ(cv.早見沙織) from 超かぐや姫！,アニメ,190,listed,2026-09-16,SP,H,True,6,487,CN,109
34,Ex-Otogibanashi,ryo (supercell) / かぐや(cv.夏吉ゆうこ) & 月見ヤチヨ(cv.早見沙織) from 超かぐや姫！,アニメ,190,listed,2026-09-16,SP,A,True,10,800,CN|BSS,109
34,Ex-Otogibanashi,ryo (supercell) / かぐや(cv.夏吉ゆうこ) & 月見ヤチヨ(cv.早見沙織) from 超かぐや姫！,アニメ,190,listed,2026-09-16,SP,L,False,,,,109
34,Ex-Otogibanashi,ryo (supercell) / かぐや(cv.夏吉ゆうこ) & 月見ヤチヨ(cv.早見沙織) from 超かぐや姫！,アニメ,190,listed,2026-09-16,DP,N,True,3,226,CN,109
34,Ex-Otogibanashi,ryo (supercell) / かぐや(cv.夏吉ゆうこ) & 月見ヤチヨ(cv.早見沙織) from 超かぐや姫！,アニメ,190,listed,2026-09-16,DP,H,True,6,508,CN|BSS,109
34,Ex-Otogibanashi,ryo (supercell) / かぐや(cv.夏吉ゆうこ) & 月見ヤチヨ(cv.早見沙織) from 超かぐや姫！,アニメ,190,listed,2026-09-16,DP,A,True,10,800,CN|BSS,109
34,Ex-Otogibanashi,ryo (supercell) / かぐや(cv.夏吉ゆうこ) & 月見ヤチヨ(cv.早見沙織) from 超かぐや姫！,アニメ,190,listed,2026-09-16,DP,L,False,,,,109
34,Fly Above -20th Anniversary Mix-,Sota Fujimori,DREAM TRANCE,150,listed,2026-10-08,SP,B,False,,,,
34,Fly Above -20th Anniversary Mix-,Sota Fujimori,DREAM TRANCE,150,listed,2026-10-08,SP,N,,,,,
34,Fly Above -20th Anniversary Mix-,Sota Fujimori,DREAM TRANCE,150,listed,2026-10-08,SP,H,,,,,
34,Fly Above -20th Anniversary Mix-,Sota Fujimori,DREAM TRANCE,150,listed,2026-10-08,SP,A,True,10,,,
34,Fly Above -20th Anniversary Mix-,Sota Fujimori,DREAM TRANCE,150,listed,2026-10-08,SP,L,False,,,,
34,Fly Above -20th Anniversary Mix-,Sota Fujimori,DREAM TRANCE,150,listed,2026-10-08,DP,N,,,,,
34,Fly Above -20th Anniversary Mix-,Sota Fujimori,DREAM TRANCE,150,listed,2026-10-08,DP,H,,,,,
34,Fly Above -20th Anniversary Mix-,Sota Fujimori,DREAM TRANCE,150,listed,2026-10-08,DP,A,,,,,
34,Fly Above -20th Anniversary Mix-,Sota Fujimori,DREAM TRANCE,150,listed,2026-10-08,DP,L,False,,,,
34,GENERATED GRID,Sota Fujimori,TECH CORE,175,listed,2026-09-16,SP,B,False,,,,126
34,GENERATED GRID,Sota Fujimori,TECH CORE,175,listed,2026-09-16,SP,N,True,5,563,,126
34,GENERATED GRID,Sota Fujimori,TECH CORE,175,listed,2026-09-16,SP,H,True,9,989,,126
34,GENERATED GRID,Sota Fujimori,TECH CORE,175,listed,2026-09-16,SP,A,True,11,1523,,126
34,GENERATED GRID,Sota Fujimori,TECH CORE,175,listed,2026-09-16,SP,L,False,,,,126
34,GENERATED GRID,Sota Fujimori,TECH CORE,175,listed,2026-09-16,DP,N,True,5,562,,126
34,GENERATED GRID,Sota Fujimori,TECH CORE,175,listed,2026-09-16,DP,H,True,9,989,,126
34,GENERATED GRID,Sota Fujimori,TECH CORE,175,listed,2026-09-16,DP,A,True,11,1454,,126
34,GENERATED GRID,Sota Fujimori,TECH CORE,175,listed,2026-09-16,DP,L,False,,,,126
34,GOLD RUSH (all-or-nothing MIX),DJ YOSHITAKA with beatnation,RECKLESS RAVE,,planned,,SP,B,False,,,,
34,GOLD RUSH (all-or-nothing MIX),DJ YOSHITAKA with beatnation,RECKLESS RAVE,,planned,,SP,N,,,,,
34,GOLD RUSH (all-or-nothing MIX),DJ YOSHITAKA with beatnation,RECKLESS RAVE,,planned,,SP,H,,,,,
34,GOLD RUSH (all-or-nothing MIX),DJ YOSHITAKA with beatnation,RECKLESS RAVE,,planned,,SP,A,,,,,
34,GOLD RUSH (all-or-nothing MIX),DJ YOSHITAKA with beatnation,RECKLESS RAVE,,planned,,SP,L,False,,,,
34,GOLD RUSH (all-or-nothing MIX),DJ YOSHITAKA with beatnation,RECKLESS RAVE,,planned,,DP,N,,,,,
34,GOLD RUSH (all-or-nothing MIX),DJ YOSHITAKA with beatnation,RECKLESS RAVE,,planned,,DP,H,,,,,
34,GOLD RUSH (all-or-nothing MIX),DJ YOSHITAKA with beatnation,RECKLESS RAVE,,planned,,DP,A,,,,,
34,GOLD RUSH (all-or-nothing MIX),DJ YOSHITAKA with beatnation,RECKLESS RAVE,,planned,,DP,L,False,,,,
34,History of dj TAKA - single style collection -,dj TAKA,dj TAKA,160,listed,2026-10-01,SP,B,False,,,,138
34,History of dj TAKA - single style collection -,dj TAKA,dj TAKA,160,listed,2026-10-01,SP,N,True,7,790,,138
34,History of dj TAKA - single style collection -,dj TAKA,dj TAKA,160,listed,2026-10-01,SP,H,True,10,1381,,138
34,History of dj TAKA - single style collection -,dj TAKA,dj TAKA,160,listed,2026-10-01,SP,A,True,12,1906,,138
34,History of dj TAKA - single style collection -,dj TAKA,dj TAKA,160,listed,2026-10-01,SP,L,False,,,,138
34,History of dj TAKA - single style collection -,dj TAKA,dj TAKA,160,listed,2026-10-01,DP,N,True,7,783,,138
34,History of dj TAKA - single style collection -,dj TAKA,dj TAKA,160,listed,2026-10-01,DP,H,True,10,1385,,138
34,History of dj TAKA - single style collection -,dj TAKA,dj TAKA,160,listed,2026-10-01,DP,A,True,12,1806,,138
34,History of dj TAKA - single style collection -,dj TAKA,dj TAKA,160,listed,2026-10-01,DP,L,False,,,,138
34,I'm so Happy (20th Anniv.Mix),Ryu☆,HAPPY HARDCORE,,planned,,SP,B,False,,,,
34,I'm so Happy (20th Anniv.Mix),Ryu☆,HAPPY HARDCORE,,planned,,SP,N,,,,,
34,I'm so Happy (20th Anniv.Mix),Ryu☆,HAPPY HARDCORE,,planned,,SP,H,,,,,
34,I'm so Happy (20th Anniv.Mix),Ryu☆,HAPPY HARDCORE,,planned,,SP,A,True,10,,,
34,I'm so Happy (20th Anniv.Mix),Ryu☆,HAPPY HARDCORE,,planned,,SP,L,False,,,,
34,I'm so Happy (20th Anniv.Mix),Ryu☆,HAPPY HARDCORE,,planned,,DP,N,,,,,
34,I'm so Happy (20th Anniv.Mix),Ryu☆,HAPPY HARDCORE,,planned,,DP,H,,,,,
34,I'm so Happy (20th Anniv.Mix),Ryu☆,HAPPY HARDCORE,,planned,,DP,A,,,,,
34,I'm so Happy (20th Anniv.Mix),Ryu☆,HAPPY HARDCORE,,planned,,DP,L,False,,,,
34,Mellow Diary,YUC'e,IVORY BASS,160,listed,2026-09-16,SP,B,False,,,,111
34,Mellow Diary,YUC'e,IVORY BASS,160,listed,2026-09-16,SP,N,True,5,375,CN,111
34,Mellow Diary,YUC'e,IVORY BASS,160,listed,2026-09-16,SP,H,True,8,702,CN,111
34,Mellow Diary,YUC'e,IVORY BASS,160,listed,2026-09-16,SP,A,True,10,1062,CN,111
34,Mellow Diary,YUC'e,IVORY BASS,160,listed,2026-09-16,SP,L,False,,,,111
34,Mellow Diary,YUC'e,IVORY BASS,160,listed,2026-09-16,DP,N,True,5,375,CN?,111
34,Mellow Diary,YUC'e,IVORY BASS,160,listed,2026-09-16,DP,H,True,8,713,CN?,111
34,Mellow Diary,YUC'e,IVORY BASS,160,listed,2026-09-16,DP,A,True,10,1024,CN,111
34,Mellow Diary,YUC'e,IVORY BASS,160,listed,2026-09-16,DP,L,False,,,,111
34,Memorylust,nora2r,HARDCORE,185,listed,2026-09-16,SP,B,False,,,,118
34,Memorylust,nora2r,HARDCORE,185,listed,2026-09-16,SP,N,True,6,569,CN,118
34,Memorylust,nora2r,HARDCORE,185,listed,2026-09-16,SP,H,True,9,901,CN,118
34,Memorylust,nora2r,HARDCORE,185,listed,2026-09-16,SP,A,True,11,1453,CN,118
34,Memorylust,nora2r,HARDCORE,185,listed,2026-09-16,SP,L,False,,,,118
34,Memorylust,nora2r,HARDCORE,185,listed,2026-09-16,DP,N,True,5,535,CN,118
34,Memorylust,nora2r,HARDCORE,185,listed,2026-09-16,DP,H,True,9,911,CN?,118
34,Memorylust,nora2r,HARDCORE,185,listed,2026-09-16,DP,A,True,11,1381,CN,118
34,Memorylust,nora2r,HARDCORE,185,listed,2026-09-16,DP,L,False,,,,118
34,NOMAD (feat. らっぷびと),魂音泉,HIPHOP,115,listed,2026-09-16,SP,B,False,,,,122
34,NOMAD (feat. らっぷびと),魂音泉,HIPHOP,115,listed,2026-09-16,SP,N,True,4,412,,122
34,NOMAD (feat. らっぷびと),魂音泉,HIPHOP,115,listed,2026-09-16,SP,H,True,8,849,,122
34,NOMAD (feat. らっぷびと),魂音泉,HIPHOP,115,listed,2026-09-16,SP,A,True,10,1076,,122
34,NOMAD (feat. らっぷびと),魂音泉,HIPHOP,115,listed,2026-09-16,SP,L,False,,,,122
34,NOMAD (feat. らっぷびと),魂音泉,HIPHOP,115,listed,2026-09-16,DP,N,True,4,464,,122
34,NOMAD (feat. らっぷびと),魂音泉,HIPHOP,115,listed,2026-09-16,DP,H,True,8,887,,122
34,NOMAD (feat. らっぷびと),魂音泉,HIPHOP,115,listed,2026-09-16,DP,A,True,10,1152,,122
34,NOMAD (feat. らっぷびと),魂音泉,HIPHOP,115,listed,2026-09-16,DP,L,False,,,,122
34,OTOROSHI,影虎。,ORIENTAL HARDPSY,160,listed,2026-09-16,SP,B,False,,,,120
34,OTOROSHI,影虎。,ORIENTAL HARDPSY,160,listed,2026-09-16,SP,N,True,5,499,CN|BSS,120
34,OTOROSHI,影虎。,ORIENTAL HARDPSY,160,listed,2026-09-16,SP,H,True,9,938,CN|BSS,120
34,OTOROSHI,影虎。,ORIENTAL HARDPSY,160,listed,2026-09-16,SP,A,True,12,1686,CN|BSS,120
34,OTOROSHI,影虎。,ORIENTAL HARDPSY,160,listed,2026-09-16,SP,L,False,,,,120
34,OTOROSHI,影虎。,ORIENTAL HARDPSY,160,listed,2026-09-16,DP,N,True,5,523,CN?,120
34,OTOROSHI,影虎。,ORIENTAL HARDPSY,160,listed,2026-09-16,DP,H,True,9,946,CN|BSS,120
34,OTOROSHI,影虎。,ORIENTAL HARDPSY,160,listed,2026-09-16,DP,A,True,12,1508,CN|BSS,120
34,OTOROSHI,影虎。,ORIENTAL HARDPSY,160,listed,2026-09-16,DP,L,False,,,,120
34,PISTOL SWORD,KARUT,HYBRID BREAKS,148,listed,2026-09-16,SP,B,False,,,,121
34,PISTOL SWORD,KARUT,HYBRID BREAKS,148,listed,2026-09-16,SP,N,True,6,545,CN,121
34,PISTOL SWORD,KARUT,HYBRID BREAKS,148,listed,2026-09-16,SP,H,True,9,852,CN,121
34,PISTOL SWORD,KARUT,HYBRID BREAKS,148,listed,2026-09-16,SP,A,True,11,1425,CN|BSS,121
34,PISTOL SWORD,KARUT,HYBRID BREAKS,148,listed,2026-09-16,SP,L,False,,,,121
34,PISTOL SWORD,KARUT,HYBRID BREAKS,148,listed,2026-09-16,DP,N,True,6,541,CN?,121
34,PISTOL SWORD,KARUT,HYBRID BREAKS,148,listed,2026-09-16,DP,H,True,9,846,CN?,121
34,PISTOL SWORD,KARUT,HYBRID BREAKS,148,listed,2026-09-16,DP,A,True,11,1336,CN,121
34,PISTOL SWORD,KARUT,HYBRID BREAKS,148,listed,2026-09-16,DP,L,False,,,,121
34,Rise Beyond,Taishi,TRANCE,145,listed,2026-09-16,SP,B,False,,,,128
34,Rise Beyond,Taishi,TRANCE,145,listed,2026-09-16,SP,N,True,5,456,CN,128
34,Rise Beyond,Taishi,TRANCE,145,listed,2026-09-16,SP,H,True,8,793,CN,128
34,Rise Beyond,Taishi,TRANCE,145,listed,2026-09-16,SP,A,True,10,1111,CN,128
34,Rise Beyond,Taishi,TRANCE,145,listed,2026-09-16,SP,L,False,,,,128
34,Rise Beyond,Taishi,TRANCE,145,listed,2026-09-16,DP,N,True,5,456,CN?,128
34,Rise Beyond,Taishi,TRANCE,145,listed,2026-09-16,DP,H,True,8,829,CN?,128
34,Rise Beyond,Taishi,TRANCE,145,listed,2026-09-16,DP,A,True,10,1162,CN|BSS,128
34,Rise Beyond,Taishi,TRANCE,145,listed,2026-09-16,DP,L,False,,,,128
34,Samurai Sword,Dubscribe,DUBSTEP,150,listed,2026-09-16,SP,B,False,,,,118
34,Samurai Sword,Dubscribe,DUBSTEP,150,listed,2026-09-16,SP,N,True,4,409,,118
34,Samurai Sword,Dubscribe,DUBSTEP,150,listed,2026-09-16,SP,H,True,8,805,,118
34,Samurai Sword,Dubscribe,DUBSTEP,150,listed,2026-09-16,SP,A,True,10,1023,,118
34,Samurai Sword,Dubscribe,DUBSTEP,150,listed,2026-09-16,SP,L,False,,,,118
34,Samurai Sword,Dubscribe,DUBSTEP,150,listed,2026-09-16,DP,N,True,4,409,,118
34,Samurai Sword,Dubscribe,DUBSTEP,150,listed,2026-09-16,DP,H,True,8,778,,118
34,Samurai Sword,Dubscribe,DUBSTEP,150,listed,2026-09-16,DP,A,True,10,1019,,118
34,Samurai Sword,Dubscribe,DUBSTEP,150,listed,2026-09-16,DP,L,False,,,,118
34,Shogun's Last Dawn ft. Kanae Asaba,Xceon,HYPER ENKA POP,156,listed,2026-09-16,SP,B,False,,,,125
34,Shogun's Last Dawn ft. Kanae Asaba,Xceon,HYPER ENKA POP,156,listed,2026-09-16,SP,N,True,5,533,,125
34,Shogun's Last Dawn ft. Kanae Asaba,Xceon,HYPER ENKA POP,156,listed,2026-09-16,SP,H,True,9,955,,125
34,Shogun's Last Dawn ft. Kanae Asaba,Xceon,HYPER ENKA POP,156,listed,2026-09-16,SP,A,True,11,1420,,125
34,Shogun's Last Dawn ft. Kanae Asaba,Xceon,HYPER ENKA POP,156,listed,2026-09-16,SP,L,False,,,,125
34,Shogun's Last Dawn ft. Kanae Asaba,Xceon,HYPER ENKA POP,156,listed,2026-09-16,DP,N,True,5,523,,125
34,Shogun's Last Dawn ft. Kanae Asaba,Xceon,HYPER ENKA POP,156,listed,2026-09-16,DP,H,True,9,933,,125
34,Shogun's Last Dawn ft. Kanae Asaba,Xceon,HYPER ENKA POP,156,listed,2026-09-16,DP,A,True,11,1412,,125
34,Shogun's Last Dawn ft. Kanae Asaba,Xceon,HYPER ENKA POP,156,listed,2026-09-16,DP,L,False,,,,125
34,Singularity Girl,HuΣeR,STYLISH FUTURE,174,listed,2026-09-16,SP,B,False,,,,117
34,Singularity Girl,HuΣeR,STYLISH FUTURE,174,listed,2026-09-16,SP,N,True,5,516,CN,117
34,Singularity Girl,HuΣeR,STYLISH FUTURE,174,listed,2026-09-16,SP,H,True,9,855,CN,117
34,Singularity Girl,HuΣeR,STYLISH FUTURE,174,listed,2026-09-16,SP,A,True,11,1332,CN,117
34,Singularity Girl,HuΣeR,STYLISH FUTURE,174,listed,2026-09-16,SP,L,False,,,,117
34,Singularity Girl,HuΣeR,STYLISH FUTURE,174,listed,2026-09-16,DP,N,True,5,519,CN,117
34,Singularity Girl,HuΣeR,STYLISH FUTURE,174,listed,2026-09-16,DP,H,True,9,868,CN,117
34,Singularity Girl,HuΣeR,STYLISH FUTURE,174,listed,2026-09-16,DP,A,True,11,1401,CN,117
34,Singularity Girl,HuΣeR,STYLISH FUTURE,174,listed,2026-09-16,DP,L,False,,,,117
34,Spark Rush,Nhato,TECH TRANCE,155,listed,2026-09-16,SP,B,False,,,,122
34,Spark Rush,Nhato,TECH TRANCE,155,listed,2026-09-16,SP,N,True,5,502,,122
34,Spark Rush,Nhato,TECH TRANCE,155,listed,2026-09-16,SP,H,True,9,913,,122
34,Spark Rush,Nhato,TECH TRANCE,155,listed,2026-09-16,SP,A,True,11,1451,BSS,122
34,Spark Rush,Nhato,TECH TRANCE,155,listed,2026-09-16,SP,L,False,,,,122
34,Spark Rush,Nhato,TECH TRANCE,155,listed,2026-09-16,DP,N,True,5,501,,122
34,Spark Rush,Nhato,TECH TRANCE,155,listed,2026-09-16,DP,H,True,9,907,,122
34,Spark Rush,Nhato,TECH TRANCE,155,listed,2026-09-16,DP,A,True,11,1264,BSS,122
34,Spark Rush,Nhato,TECH TRANCE,155,listed,2026-09-16,DP,L,False,,,,122
34,TEKNO KEISER,STEVIE(Trymatic)/Nana Takahashi Prod. by L.E.D.,DEATH TEKNO,168,listed,2026-09-16,SP,B,False,,,,124
34,TEKNO KEISER,STEVIE(Trymatic)/Nana Takahashi Prod. by L.E.D.,DEATH TEKNO,168,listed,2026-09-16,SP,N,True,6,607,,124
34,TEKNO KEISER,STEVIE(Trymatic)/Nana Takahashi Prod. by L.E.D.,DEATH TEKNO,168,listed,2026-09-16,SP,H,True,10,1008,,124
34,TEKNO KEISER,STEVIE(Trymatic)/Nana Takahashi Prod. by L.E.D.,DEATH TEKNO,168,listed,2026-09-16,SP,A,True,12,2010,,124
34,TEKNO KEISER,STEVIE(Trymatic)/Nana Takahashi Prod. by L.E.D.,DEATH TEKNO,168,listed,2026-09-16,SP,L,False,,,,124
34,TEKNO KEISER,STEVIE(Trymatic)/Nana Takahashi Prod. by L.E.D.,DEATH TEKNO,168,listed,2026-09-16,DP,N,True,6,668,,124
34,TEKNO KEISER,STEVIE(Trymatic)/Nana Takahashi Prod. by L.E.D.,DEATH TEKNO,168,listed,2026-09-16,DP,H,True,10,1194,,124
34,TEKNO KEISER,STEVIE(Trymatic)/Nana Takahashi Prod. by L.E.D.,DEATH TEKNO,168,listed,2026-09-16,DP,A,True,12,2009,,124
34,TEKNO KEISER,STEVIE(Trymatic)/Nana Takahashi Prod. by L.E.D.,DEATH TEKNO,168,listed,2026-09-16,DP,L,False,,,,124
34,gigadelic (WILD STYLE),teranoid,NUSTYLE GABBA,,listed,2026-10-08,SP,B,False,,,,
34,gigadelic (WILD STYLE),teranoid,NUSTYLE GABBA,,listed,2026-10-08,SP,N,,,,,
34,gigadelic (WILD STYLE),teranoid,NUSTYLE GABBA,,listed,2026-10-08,SP,H,,,,,
34,gigadelic (WILD STYLE),teranoid,NUSTYLE GABBA,,listed,2026-10-08,SP,A,True,12,,,
34,gigadelic (WILD STYLE),teranoid,NUSTYLE GABBA,,listed,2026-10-08,SP,L,False,,,,
34,gigadelic (WILD STYLE),teranoid,NUSTYLE GABBA,,listed,2026-10-08,DP,N,,,,,
34,gigadelic (WILD STYLE),teranoid,NUSTYLE GABBA,,listed,2026-10-08,DP,H,,,,,
34,gigadelic (WILD STYLE),teranoid,NUSTYLE GABBA,,listed,2026-10-08,DP,A,,,,,
34,gigadelic (WILD STYLE),teranoid,NUSTYLE GABBA,,listed,2026-10-08,DP,L,False,,,,
34,moffing 猫叉Master meets β2 黒パカミックス,猫叉Master,クロモフロック,170,listed,2026-10-01,SP,B,False,,,,129
34,moffing 猫叉Master meets β2 黒パカミックス,猫叉Master,クロモフロック,170,listed,2026-10-01,SP,N,True,5,527,CN,129
34,moffing 猫叉Master meets β2 黒パカミックス,猫叉Master,クロモフロック,170,listed,2026-10-01,SP,H,True,8,788,CN,129
34,moffing 猫叉Master meets β2 黒パカミックス,猫叉Master,クロモフロック,170,listed,2026-10-01,SP,A,True,11,1243,CN,129
34,moffing 猫叉Master meets β2 黒パカミックス,猫叉Master,クロモフロック,170,listed,2026-10-01,SP,L,False,,,,129
34,moffing 猫叉Master meets β2 黒パカミックス,猫叉Master,クロモフロック,170,listed,2026-10-01,DP,N,True,5,507,CN,129
34,moffing 猫叉Master meets β2 黒パカミックス,猫叉Master,クロモフロック,170,listed,2026-10-01,DP,H,True,8,801,CN,129
34,moffing 猫叉Master meets β2 黒パカミックス,猫叉Master,クロモフロック,170,listed,2026-10-01,DP,A,True,11,1385,CN?,129
34,moffing 猫叉Master meets β2 黒パカミックス,猫叉Master,クロモフロック,170,listed,2026-10-01,DP,L,False,,,,129
34,ΛИ0MΛLY,Yvya,PROGRESSIVE METAL,150,listed,2026-09-16,SP,B,False,,,,118
34,ΛИ0MΛLY,Yvya,PROGRESSIVE METAL,150,listed,2026-09-16,SP,N,True,6,658,CN,118
34,ΛИ0MΛLY,Yvya,PROGRESSIVE METAL,150,listed,2026-09-16,SP,H,True,10,1145,CN,118
34,ΛИ0MΛLY,Yvya,PROGRESSIVE METAL,150,listed,2026-09-16,SP,A,True,12,1868,CN|BSS,118
34,ΛИ0MΛLY,Yvya,PROGRESSIVE METAL,150,listed,2026-09-16,SP,L,False,,,,118
34,ΛИ0MΛLY,Yvya,PROGRESSIVE METAL,150,listed,2026-09-16,DP,N,True,6,657,CN?,118
34,ΛИ0MΛLY,Yvya,PROGRESSIVE METAL,150,listed,2026-09-16,DP,H,True,10,1193,CN?,118
34,ΛИ0MΛLY,Yvya,PROGRESSIVE METAL,150,listed,2026-09-16,DP,A,True,12,1940,CN|BSS,118
34,ΛИ0MΛLY,Yvya,PROGRESSIVE METAL,150,listed,2026-09-16,DP,L,False,,,,118
34,でぃすこみゅーたんと！,ナユタン星人,ボカロ,176,listed,2026-09-16,SP,B,True,1,129,,115
34,でぃすこみゅーたんと！,ナユタン星人,ボカロ,176,listed,2026-09-16,SP,N,True,4,392,,115
34,でぃすこみゅーたんと！,ナユタン星人,ボカロ,176,listed,2026-09-16,SP,H,True,8,780,,115
34,でぃすこみゅーたんと！,ナユタン星人,ボカロ,176,listed,2026-09-16,SP,A,True,10,1142,,115
34,でぃすこみゅーたんと！,ナユタン星人,ボカロ,176,listed,2026-09-16,SP,L,False,,,,115
34,でぃすこみゅーたんと！,ナユタン星人,ボカロ,176,listed,2026-09-16,DP,N,True,4,410,,115
34,でぃすこみゅーたんと！,ナユタン星人,ボカロ,176,listed,2026-09-16,DP,H,True,8,785,,115
34,でぃすこみゅーたんと！,ナユタン星人,ボカロ,176,listed,2026-09-16,DP,A,True,10,1140,,115
34,でぃすこみゅーたんと！,ナユタン星人,ボカロ,176,listed,2026-09-16,DP,L,False,,,,115
34,ギミギミエンターテイメント,hololive IDOL PROJECT,J-POP,138-200,listed,2026-09-20,SP,B,True,3,263,,150
34,ギミギミエンターテイメント,hololive IDOL PROJECT,J-POP,138-200,listed,2026-09-20,SP,N,True,5,514,,150
34,ギミギミエンターテイメント,hololive IDOL PROJECT,J-POP,138-200,listed,2026-09-20,SP,H,True,7,902,,150
34,ギミギミエンターテイメント,hololive IDOL PROJECT,J-POP,138-200,listed,2026-09-20,SP,A,True,10,1553,,150
34,ギミギミエンターテイメント,hololive IDOL PROJECT,J-POP,138-200,listed,2026-09-20,SP,L,False,,,,150
34,ギミギミエンターテイメント,hololive IDOL PROJECT,J-POP,138-200,listed,2026-09-20,DP,N,True,5,507,,150
34,ギミギミエンターテイメント,hololive IDOL PROJECT,J-POP,138-200,listed,2026-09-20,DP,H,True,7,894,,150
34,ギミギミエンターテイメント,hololive IDOL PROJECT,J-POP,138-200,listed,2026-09-20,DP,A,True,10,1457,,150
34,ギミギミエンターテイメント,hololive IDOL PROJECT,J-POP,138-200,listed,2026-09-20,DP,L,False,,,,150
34,ダダダダダル,雨良 Amala,エレクトロ,124,listed,2026-09-16,SP,B,True,1,118,,127
34,ダダダダダル,雨良 Amala,エレクトロ,124,listed,2026-09-16,SP,N,True,3,244,,127
34,ダダダダダル,雨良 Amala,エレクトロ,124,listed,2026-09-16,SP,H,True,6,570,CN,127
34,ダダダダダル,雨良 Amala,エレクトロ,124,listed,2026-09-16,SP,A,True,9,908,CN|BSS,127
34,ダダダダダル,雨良 Amala,エレクトロ,124,listed,2026-09-16,SP,L,False,,,,127
34,ダダダダダル,雨良 Amala,エレクトロ,124,listed,2026-09-16,DP,N,True,3,247,,127
34,ダダダダダル,雨良 Amala,エレクトロ,124,listed,2026-09-16,DP,H,True,6,544,CN,127
34,ダダダダダル,雨良 Amala,エレクトロ,124,listed,2026-09-16,DP,A,True,9,879,CN|BSS,127
34,ダダダダダル,雨良 Amala,エレクトロ,124,listed,2026-09-16,DP,L,False,,,,127
34,デラむぅのでらっくす☆かるた ～NOTES・CHORD・PEAK編～,デラむぅとのらつーあーる,ぽっぷむぅ～じっく,140,listed,2026-09-16,SP,B,False,,,,113
34,デラむぅのでらっくす☆かるた ～NOTES・CHORD・PEAK編～,デラむぅとのらつーあーる,ぽっぷむぅ～じっく,140,listed,2026-09-16,SP,N,True,5,456,,113
34,デラむぅのでらっくす☆かるた ～NOTES・CHORD・PEAK編～,デラむぅとのらつーあーる,ぽっぷむぅ～じっく,140,listed,2026-09-16,SP,H,True,9,863,,113
34,デラむぅのでらっくす☆かるた ～NOTES・CHORD・PEAK編～,デラむぅとのらつーあーる,ぽっぷむぅ～じっく,140,listed,2026-09-16,SP,A,True,11,1130,,113
34,デラむぅのでらっくす☆かるた ～NOTES・CHORD・PEAK編～,デラむぅとのらつーあーる,ぽっぷむぅ～じっく,140,listed,2026-09-16,SP,L,False,,,,113
34,デラむぅのでらっくす☆かるた ～NOTES・CHORD・PEAK編～,デラむぅとのらつーあーる,ぽっぷむぅ～じっく,140,listed,2026-09-16,DP,N,True,5,485,,113
34,デラむぅのでらっくす☆かるた ～NOTES・CHORD・PEAK編～,デラむぅとのらつーあーる,ぽっぷむぅ～じっく,140,listed,2026-09-16,DP,H,True,9,900,,113
34,デラむぅのでらっくす☆かるた ～NOTES・CHORD・PEAK編～,デラむぅとのらつーあーる,ぽっぷむぅ～じっく,140,listed,2026-09-16,DP,A,True,11,1192,,113
34,デラむぅのでらっくす☆かるた ～NOTES・CHORD・PEAK編～,デラむぅとのらつーあーる,ぽっぷむぅ～じっく,140,listed,2026-09-16,DP,L,False,,,,113
34,フランケンシュタインの怪物,HIMEHINA,J-POP,190,listed,2026-09-16,SP,B,True,1,113,,93
34,フランケンシュタインの怪物,HIMEHINA,J-POP,190,listed,2026-09-16,SP,N,True,4,357,,93
34,フランケンシュタインの怪物,HIMEHINA,J-POP,190,listed,2026-09-16,SP,H,True,7,564,,93
34,フランケンシュタインの怪物,HIMEHINA,J-POP,190,listed,2026-09-16,SP,A,True,9,883,,93
34,フランケンシュタインの怪物,HIMEHINA,J-POP,190,listed,2026-09-16,SP,L,False,,,,93
34,フランケンシュタインの怪物,HIMEHINA,J-POP,190,listed,2026-09-16,DP,N,True,5,418,,93
34,フランケンシュタインの怪物,HIMEHINA,J-POP,190,listed,2026-09-16,DP,H,True,8,686,,93
34,フランケンシュタインの怪物,HIMEHINA,J-POP,190,listed,2026-09-16,DP,A,True,10,995,,93
34,フランケンシュタインの怪物,HIMEHINA,J-POP,190,listed,2026-09-16,DP,L,False,,,,93
34,メルト CPK! Remix (初音ミク ver.),ryo (supercell),アニメ/ボーカロイド/J-POP,185,listed,2026-09-16,SP,B,True,2,239,,137
34,メルト CPK! Remix (初音ミク ver.),ryo (supercell),アニメ/ボーカロイド/J-POP,185,listed,2026-09-16,SP,N,True,4,439,,137
34,メルト CPK! Remix (初音ミク ver.),ryo (supercell),アニメ/ボーカロイド/J-POP,185,listed,2026-09-16,SP,H,True,8,839,,137
34,メルト CPK! Remix (初音ミク ver.),ryo (supercell),アニメ/ボーカロイド/J-POP,185,listed,2026-09-16,SP,A,True,11,1439,,137
34,メルト CPK! Remix (初音ミク ver.),ryo (supercell),アニメ/ボーカロイド/J-POP,185,listed,2026-09-16,SP,L,False,,,,137
34,メルト CPK! Remix (初音ミク ver.),ryo (supercell),アニメ/ボーカロイド/J-POP,185,listed,2026-09-16,DP,N,True,4,439,,137
34,メルト CPK! Remix (初音ミク ver.),ryo (supercell),アニメ/ボーカロイド/J-POP,185,listed,2026-09-16,DP,H,True,8,839,,137
34,メルト CPK! Remix (初音ミク ver.),ryo (supercell),アニメ/ボーカロイド/J-POP,185,listed,2026-09-16,DP,A,True,11,1439,,137
34,メルト CPK! Remix (初音ミク ver.),ryo (supercell),アニメ/ボーカロイド/J-POP,185,listed,2026-09-16,DP,L,False,,,,137
34,ラブパラ,DECO*27,J-POP・VOCALOID,158,listed,2026-09-16,SP,B,True,1,152,,121
34,ラブパラ,DECO*27,J-POP・VOCALOID,158,listed,2026-09-16,SP,N,True,4,439,,121
34,ラブパラ,DECO*27,J-POP・VOCALOID,158,listed,2026-09-16,SP,H,True,8,775,,121
34,ラブパラ,DECO*27,J-POP・VOCALOID,158,listed,2026-09-16,SP,A,True,10,1187,,121
34,ラブパラ,DECO*27,J-POP・VOCALOID,158,listed,2026-09-16,SP,L,False,,,,121
34,ラブパラ,DECO*27,J-POP・VOCALOID,158,listed,2026-09-16,DP,N,True,4,437,,121
34,ラブパラ,DECO*27,J-POP・VOCALOID,158,listed,2026-09-16,DP,H,True,8,777,,121
34,ラブパラ,DECO*27,J-POP・VOCALOID,158,listed,2026-09-16,DP,A,True,10,1212,,121
34,ラブパラ,DECO*27,J-POP・VOCALOID,158,listed,2026-09-16,DP,L,False,,,,121
34,九十九ノ恋結ビ,irucaice feat. あやぽんず＊(森羅万象),和風歌謡電子恋歌,163,listed,2026-09-16,SP,B,False,,,,113
34,九十九ノ恋結ビ,irucaice feat. あやぽんず＊(森羅万象),和風歌謡電子恋歌,163,listed,2026-09-16,SP,N,True,5,519,,113
34,九十九ノ恋結ビ,irucaice feat. あやぽんず＊(森羅万象),和風歌謡電子恋歌,163,listed,2026-09-16,SP,H,True,9,990,,113
34,九十九ノ恋結ビ,irucaice feat. あやぽんず＊(森羅万象),和風歌謡電子恋歌,163,listed,2026-09-16,SP,A,True,11,1322,,113
34,九十九ノ恋結ビ,irucaice feat. あやぽんず＊(森羅万象),和風歌謡電子恋歌,163,listed,2026-09-16,SP,L,False,,,,113
34,九十九ノ恋結ビ,irucaice feat. あやぽんず＊(森羅万象),和風歌謡電子恋歌,163,listed,2026-09-16,DP,N,True,5,517,,113
34,九十九ノ恋結ビ,irucaice feat. あやぽんず＊(森羅万象),和風歌謡電子恋歌,163,listed,2026-09-16,DP,H,True,9,998,,113
34,九十九ノ恋結ビ,irucaice feat. あやぽんず＊(森羅万象),和風歌謡電子恋歌,163,listed,2026-09-16,DP,A,True,11,1321,,113
34,九十九ノ恋結ビ,irucaice feat. あやぽんず＊(森羅万象),和風歌謡電子恋歌,163,listed,2026-09-16,DP,L,False,,,,113
34,倍倍FIGHT!,Remixed by L.E.D.-G feat.佐伯伊織,IIDX EDITION,176,listed,2026-09-16,SP,B,True,1,100,,110
34,倍倍FIGHT!,Remixed by L.E.D.-G feat.佐伯伊織,IIDX EDITION,176,listed,2026-09-16,SP,N,True,4,311,,110
34,倍倍FIGHT!,Remixed by L.E.D.-G feat.佐伯伊織,IIDX EDITION,176,listed,2026-09-16,SP,H,True,7,624,,110
34,倍倍FIGHT!,Remixed by L.E.D.-G feat.佐伯伊織,IIDX EDITION,176,listed,2026-09-16,SP,A,True,10,1084,,110
34,倍倍FIGHT!,Remixed by L.E.D.-G feat.佐伯伊織,IIDX EDITION,176,listed,2026-09-16,SP,L,False,,,,110
34,倍倍FIGHT!,Remixed by L.E.D.-G feat.佐伯伊織,IIDX EDITION,176,listed,2026-09-16,DP,N,True,4,372,,110
34,倍倍FIGHT!,Remixed by L.E.D.-G feat.佐伯伊織,IIDX EDITION,176,listed,2026-09-16,DP,H,True,7,745,,110
34,倍倍FIGHT!,Remixed by L.E.D.-G feat.佐伯伊織,IIDX EDITION,176,listed,2026-09-16,DP,A,True,10,1096,,110
34,倍倍FIGHT!,Remixed by L.E.D.-G feat.佐伯伊織,IIDX EDITION,176,listed,2026-09-16,DP,L,False,,,,110
34,夜叉ノ魂,劇団レコード feat.T4K,BATTLE SWORD,170,listed,2026-09-16,SP,B,False,,,,117
34,夜叉ノ魂,劇団レコード feat.T4K,BATTLE SWORD,170,listed,2026-09-16,SP,N,True,6,555,CN,117
34,夜叉ノ魂,劇団レコード feat.T4K,BATTLE SWORD,170,listed,2026-09-16,SP,H,True,9,966,CN,117
34,夜叉ノ魂,劇団レコード feat.T4K,BATTLE SWORD,170,listed,2026-09-16,SP,A,True,11,1356,CN|MSS,117
34,夜叉ノ魂,劇団レコード feat.T4K,BATTLE SWORD,170,listed,2026-09-16,SP,L,False,,,,117
34,夜叉ノ魂,劇団レコード feat.T4K,BATTLE SWORD,170,listed,2026-09-16,DP,N,True,6,541,CN,117
34,夜叉ノ魂,劇団レコード feat.T4K,BATTLE SWORD,170,listed,2026-09-16,DP,H,True,9,997,CN?,117
34,夜叉ノ魂,劇団レコード feat.T4K,BATTLE SWORD,170,listed,2026-09-16,DP,A,True,11,1348,CN|MSS,117
34,夜叉ノ魂,劇団レコード feat.T4K,BATTLE SWORD,170,listed,2026-09-16,DP,L,False,,,,117
34,恋する☆宇宙戦争っ！！(恋する★ハードコアRemix),Prim/Remixed by RoughSketch,Hi-リミックスコア,,planned,,SP,B,False,,,,
34,恋する☆宇宙戦争っ！！(恋する★ハードコアRemix),Prim/Remixed by RoughSketch,Hi-リミックスコア,,planned,,SP,N,,,,,
34,恋する☆宇宙戦争っ！！(恋する★ハードコアRemix),Prim/Remixed by RoughSketch,Hi-リミックスコア,,planned,,SP,H,,,,,
34,恋する☆宇宙戦争っ！！(恋する★ハードコアRemix),Prim/Remixed by RoughSketch,Hi-リミックスコア,,planned,,SP,A,True,12,,,
34,恋する☆宇宙戦争っ！！(恋する★ハードコアRemix),Prim/Remixed by RoughSketch,Hi-リミックスコア,,planned,,SP,L,False,,,,
34,恋する☆宇宙戦争っ！！(恋する★ハードコアRemix),Prim/Remixed by RoughSketch,Hi-リミックスコア,,planned,,DP,N,,,,,
34,恋する☆宇宙戦争っ！！(恋する★ハードコアRemix),Prim/Remixed by RoughSketch,Hi-リミックスコア,,planned,,DP,H,,,,,
34,恋する☆宇宙戦争っ！！(恋する★ハードコアRemix),Prim/Remixed by RoughSketch,Hi-リミックスコア,,planned,,DP,A,,,,,
34,恋する☆宇宙戦争っ！！(恋する★ハードコアRemix),Prim/Remixed by RoughSketch,Hi-リミックスコア,,planned,,DP,L,False,,,,
34,悪ジ狂キ,RoughSkreamZ feat. Fra,DJENT/UK INDUSTRIAL/RAP,113,listed,2026-09-16,SP,B,False,,,,120
34,悪ジ狂キ,RoughSkreamZ feat. Fra,DJENT/UK INDUSTRIAL/RAP,113,listed,2026-09-16,SP,N,True,6,519,,120
34,悪ジ狂キ,RoughSkreamZ feat. Fra,DJENT/UK INDUSTRIAL/RAP,113,listed,2026-09-16,SP,H,True,9,919,CN,120
34,悪ジ狂キ,RoughSkreamZ feat. Fra,DJENT/UK INDUSTRIAL/RAP,113,listed,2026-09-16,SP,A,True,11,1346,CN,120
34,悪ジ狂キ,RoughSkreamZ feat. Fra,DJENT/UK INDUSTRIAL/RAP,113,listed,2026-09-16,SP,L,False,,,,120
34,悪ジ狂キ,RoughSkreamZ feat. Fra,DJENT/UK INDUSTRIAL/RAP,113,listed,2026-09-16,DP,N,True,6,513,,120
34,悪ジ狂キ,RoughSkreamZ feat. Fra,DJENT/UK INDUSTRIAL/RAP,113,listed,2026-09-16,DP,H,True,9,887,CN?,120
34,悪ジ狂キ,RoughSkreamZ feat. Fra,DJENT/UK INDUSTRIAL/RAP,113,listed,2026-09-16,DP,A,True,11,1362,CN,120
34,悪ジ狂キ,RoughSkreamZ feat. Fra,DJENT/UK INDUSTRIAL/RAP,113,listed,2026-09-16,DP,L,False,,,,120
34,斎戒,satella,ORIENTAL,172,listed,2026-09-16,SP,B,False,,,,120
34,斎戒,satella,ORIENTAL,172,listed,2026-09-16,SP,N,True,6,591,CN,120
34,斎戒,satella,ORIENTAL,172,listed,2026-09-16,SP,H,True,10,1014,CN,120
34,斎戒,satella,ORIENTAL,172,listed,2026-09-16,SP,A,True,12,1532,CN,120
34,斎戒,satella,ORIENTAL,172,listed,2026-09-16,SP,L,False,,,,120
34,斎戒,satella,ORIENTAL,172,listed,2026-09-16,DP,N,True,6,597,CN,120
34,斎戒,satella,ORIENTAL,172,listed,2026-09-16,DP,H,True,10,987,CN,120
34,斎戒,satella,ORIENTAL,172,listed,2026-09-16,DP,A,True,12,1638,CN,120
34,斎戒,satella,ORIENTAL,172,listed,2026-09-16,DP,L,False,,,,120
34,映夢雪花抄,めと (Metomate),EPHEMERAL ROCK,164,listed,2026-09-16,SP,B,False,,,,115
34,映夢雪花抄,めと (Metomate),EPHEMERAL ROCK,164,listed,2026-09-16,SP,N,True,4,408,CN,115
34,映夢雪花抄,めと (Metomate),EPHEMERAL ROCK,164,listed,2026-09-16,SP,H,True,8,781,CN,115
34,映夢雪花抄,めと (Metomate),EPHEMERAL ROCK,164,listed,2026-09-16,SP,A,True,10,1180,CN,115
34,映夢雪花抄,めと (Metomate),EPHEMERAL ROCK,164,listed,2026-09-16,SP,L,False,,,,115
34,映夢雪花抄,めと (Metomate),EPHEMERAL ROCK,164,listed,2026-09-16,DP,N,True,4,406,CN,115
34,映夢雪花抄,めと (Metomate),EPHEMERAL ROCK,164,listed,2026-09-16,DP,H,True,8,758,CN?,115
34,映夢雪花抄,めと (Metomate),EPHEMERAL ROCK,164,listed,2026-09-16,DP,A,True,10,1101,CN|BSS,115
34,映夢雪花抄,めと (Metomate),EPHEMERAL ROCK,164,listed,2026-09-16,DP,L,False,,,,115
34,月下散刄,U1 overground,ORBITALIC MOON REQUIEM,160,listed,2026-09-16,SP,B,False,,,,125
34,月下散刄,U1 overground,ORBITALIC MOON REQUIEM,160,listed,2026-09-16,SP,N,True,7,627,CN,125
34,月下散刄,U1 overground,ORBITALIC MOON REQUIEM,160,listed,2026-09-16,SP,H,True,10,923,CN,125
34,月下散刄,U1 overground,ORBITALIC MOON REQUIEM,160,listed,2026-09-16,SP,A,True,12,,CN?,125
34,月下散刄,U1 overground,ORBITALIC MOON REQUIEM,160,listed,2026-09-16,SP,L,False,,,,125
34,月下散刄,U1 overground,ORBITALIC MOON REQUIEM,160,listed,2026-09-16,DP,N,True,7,621,CN?,125
34,月下散刄,U1 overground,ORBITALIC MOON REQUIEM,160,listed,2026-09-16,DP,H,True,10,934,CN,125
34,月下散刄,U1 overground,ORBITALIC MOON REQUIEM,160,listed,2026-09-16,DP,A,True,12,,CN?,125
34,月下散刄,U1 overground,ORBITALIC MOON REQUIEM,160,listed,2026-09-16,DP,L,False,,,,125
34,泡沫と月,xi feat. Risa Yuzuki,JAPANESE PIANO ROCK,174,listed,2026-09-16,SP,B,False,,,,125
34,泡沫と月,xi feat. Risa Yuzuki,JAPANESE PIANO ROCK,174,listed,2026-09-16,SP,N,True,5,503,,125
34,泡沫と月,xi feat. Risa Yuzuki,JAPANESE PIANO ROCK,174,listed,2026-09-16,SP,H,True,8,831,,125
34,泡沫と月,xi feat. Risa Yuzuki,JAPANESE PIANO ROCK,174,listed,2026-09-16,SP,A,True,10,1299,,125
34,泡沫と月,xi feat. Risa Yuzuki,JAPANESE PIANO ROCK,174,listed,2026-09-16,SP,L,False,,,,125
34,泡沫と月,xi feat. Risa Yuzuki,JAPANESE PIANO ROCK,174,listed,2026-09-16,DP,N,True,5,516,,125
34,泡沫と月,xi feat. Risa Yuzuki,JAPANESE PIANO ROCK,174,listed,2026-09-16,DP,H,True,8,822,,125
34,泡沫と月,xi feat. Risa Yuzuki,JAPANESE PIANO ROCK,174,listed,2026-09-16,DP,A,True,10,1225,,125
34,泡沫と月,xi feat. Risa Yuzuki,JAPANESE PIANO ROCK,174,listed,2026-09-16,DP,L,False,,,,125
34,雷霆の如し,dj TAKA,TECHSPEED,162,listed,2026-09-16,SP,B,False,,,,122
34,雷霆の如し,dj TAKA,TECHSPEED,162,listed,2026-09-16,SP,N,True,5,533,,122
34,雷霆の如し,dj TAKA,TECHSPEED,162,listed,2026-09-16,SP,H,True,8,903,,122
34,雷霆の如し,dj TAKA,TECHSPEED,162,listed,2026-09-16,SP,A,True,11,1547,,122
34,雷霆の如し,dj TAKA,TECHSPEED,162,listed,2026-09-16,SP,L,False,,,,122
34,雷霆の如し,dj TAKA,TECHSPEED,162,listed,2026-09-16,DP,N,True,5,564,,122
34,雷霆の如し,dj TAKA,TECHSPEED,162,listed,2026-09-16,DP,H,True,8,913,,122
34,雷霆の如し,dj TAKA,TECHSPEED,162,listed,2026-09-16,DP,A,True,11,1488,,122
34,雷霆の如し,dj TAKA,TECHSPEED,162,listed,2026-09-16,DP,L,False,,,,122
34,霹靂,Yuta Imai,EUPHORIC HARDSTYLE,160,listed,2026-09-16,SP,B,False,,,,119
34,霹靂,Yuta Imai,EUPHORIC HARDSTYLE,160,listed,2026-09-16,SP,N,True,4,366,HCN,119
34,霹靂,Yuta Imai,EUPHORIC HARDSTYLE,160,listed,2026-09-16,SP,H,True,7,642,HCN,119
34,霹靂,Yuta Imai,EUPHORIC HARDSTYLE,160,listed,2026-09-16,SP,A,True,10,1118,HCN,119
34,霹靂,Yuta Imai,EUPHORIC HARDSTYLE,160,listed,2026-09-16,SP,L,False,,,,119
34,霹靂,Yuta Imai,EUPHORIC HARDSTYLE,160,listed,2026-09-16,DP,N,True,4,374,HCN,119
34,霹靂,Yuta Imai,EUPHORIC HARDSTYLE,160,listed,2026-09-16,DP,H,True,7,676,HCN,119
34,霹靂,Yuta Imai,EUPHORIC HARDSTYLE,160,listed,2026-09-16,DP,A,True,10,1179,HCN,119
34,霹靂,Yuta Imai,EUPHORIC HARDSTYLE,160,listed,2026-09-16,DP,L,False,,,,119
